Date,Stock Price,TTM Sales per Share,Price to Sales Ratio,TTM Net EPS,PE Ratio,TTM Net Income (ROA),Total Assets,Return on Assets,TTM Net Income (ROI),LT Investments & Debt,Return on Investment,TTM Net Income (ROE),Shareholder's Equity,Return on Equity,Current Assets - Inventory,Current Liabilities,Quick Ratio,Current Assets,Current Ratio,Long Term Debt,Debt to Equity Ratio,Total Liabilities,Total Revenue
2010-06-01,7.56,2.22,3.41,0.44,17.17,12.24,64.73,21.93,16.62,140.31,0.0,12.24,43.111,32.66,35.09,15.61,2.25,36.03,2.31,21.61,0.5,21614.0,15700.0
2010-07-01,7.56,2.22,3.41,0.44,17.17,12.24,64.73,21.93,16.62,140.31,0.0,12.24,43.111,32.66,35.09,15.61,2.25,36.03,2.31,21.61,0.5,21614.0,15700.0
2010-08-01,7.56,2.22,3.41,0.44,17.17,12.24,64.73,21.93,16.62,140.31,0.0,12.24,43.111,32.66,35.09,15.61,2.25,36.03,2.31,21.61,0.5,21614.0,15700.0
2010-09-01,8.53,2.52,3.38,0.54,15.76,14.01,75.18,22.34,18.39,140.31,0.0,14.01,47.791,33.76,40.63,20.72,1.96,41.68,2.01,27.39,0.57,27392.0,20343.0
2010-10-01,8.53,2.52,3.38,0.54,15.76,14.01,75.18,22.34,18.39,140.31,0.0,14.01,47.791,33.76,40.63,20.72,1.96,41.68,2.01,27.39,0.57,27392.0,20343.0
2010-11-01,8.53,2.52,3.38,0.54,15.76,14.01,75.18,22.34,18.39,140.31,0.0,14.01,47.791,33.76,40.63,20.72,1.96,41.68,2.01,27.39,0.57,27392.0,20343.0
2010-12-01,9.69,2.94,3.3,0.64,15.16,16.64,86.74,23.46,21.49,140.31,0.0,16.64,54.666,35.99,43.04,23.8,1.81,43.93,1.85,32.08,0.59,32076.0,26741.0
2011-01-01,9.69,2.94,3.3,0.64,15.16,16.64,86.74,23.46,21.49,140.31,0.0,16.64,54.666,35.99,43.04,23.8,1.81,43.93,1.85,32.08,0.59,32076.0,26741.0
2011-02-01,9.69,2.94,3.3,0.64,15.16,16.64,86.74,23.46,21.49,140.31,0.0,16.64,54.666,35.99,43.04,23.8,1.81,43.93,1.85,32.08,0.59,32076.0,26741.0
2011-03-01,10.47,3.36,3.12,0.75,13.98,19.55,94.9,24.32,25.38,140.31,0.0,19.55,61.477,37.77,46.07,24.33,1.89,47.0,1.93,33.43,0.54,33427.0,24667.0
2011-04-01,10.47,3.36,3.12,0.75,13.98,19.55,94.9,24.32,25.38,140.31,0.0,19.55,61.477,37.77,46.07,24.33,1.89,47.0,1.93,33.43,0.54,33427.0,24667.0
2011-05-01,10.47,3.36,3.12,0.75,13.98,19.55,94.9,24.32,25.38,140.31,0.0,19.55,61.477,37.77,46.07,24.33,1.89,47.0,1.93,33.43,0.54,33427.0,24667.0
2011-06-01,10.09,3.84,2.63,0.9,11.18,23.61,106.76,25.97,30.53,140.31,0.0,23.61,69.343,40.48,46.01,26.86,1.71,46.9,1.75,37.42,0.54,37415.0,28571.0
2011-07-01,10.09,3.84,2.63,0.9,11.18,23.61,106.76,25.97,30.53,140.31,0.0,23.61,69.343,40.48,46.01,26.86,1.71,46.9,1.75,37.42,0.54,37415.0,28571.0
2011-08-01,10.09,3.84,2.63,0.9,11.18,23.61,106.76,25.97,30.53,140.31,0.0,23.61,69.343,40.48,46.01,26.86,1.71,46.9,1.75,37.42,0.54,37415.0,28571.0
2011-09-01,11.46,4.13,2.77,0.99,11.6,25.92,116.37,25.62,33.79,140.31,0.0,25.92,76.615,39.56,44.21,27.97,1.58,44.99,1.61,39.76,0.52,39756.0,28270.0
2011-10-01,11.46,4.13,2.77,0.99,11.6,25.92,116.37,25.62,33.79,140.31,0.0,25.92,76.615,39.56,44.21,27.97,1.58,44.99,1.61,39.76,0.52,39756.0,28270.0
2011-11-01,11.46,4.13,2.77,0.99,11.6,25.92,116.37,25.62,33.79,140.31,0.0,25.92,76.615,39.56,44.21,27.97,1.58,44.99,1.61,39.76,0.52,39756.0,28270.0
2011-12-01,12.17,4.86,2.5,1.25,9.71,32.98,138.68,28.89,43.3,140.31,0.0,32.98,90.054,44.35,53.54,34.61,1.55,54.77,1.58,48.63,0.54,48627.0,46333.0
2012-01-01,12.17,4.86,2.5,1.25,9.71,32.98,138.68,28.89,43.3,140.31,0.0,32.98,90.054,44.35,53.54,34.61,1.55,54.77,1.58,48.63,0.54,48627.0,46333.0
2012-02-01,12.17,4.86,2.5,1.25,9.71,32.98,138.68,28.89,43.3,140.31,0.0,32.98,90.054,44.35,53.54,34.61,1.55,54.77,1.58,48.63,0.54,48627.0,46333.0
2012-03-01,18.02,5.4,3.33,1.46,12.3,38.62,150.93,30.13,50.81,140.31,0.0,38.62,102.498,45.63,49.61,32.04,1.55,50.71,1.58,48.44,0.47,48436.0,39186.0
2012-04-01,18.02,5.4,3.33,1.46,12.3,38.62,150.93,30.13,50.81,140.31,0.0,38.62,102.498,45.63,49.61,32.04,1.55,50.71,1.58,48.44,0.47,48436.0,39186.0
2012-05-01,18.02,5.4,3.33,1.46,12.3,38.62,150.93,30.13,50.81,140.31,0.0,38.62,102.498,45.63,49.61,32.04,1.55,50.71,1.58,48.44,0.47,48436.0,39186.0
2012-06-01,17.55,5.64,3.11,1.52,11.55,40.13,162.9,28.22,53.01,140.31,0.0,40.13,111.746,42.14,50.82,33.06,1.54,51.94,1.57,51.15,0.46,51150.0,35023.0
2012-07-01,17.55,5.64,3.11,1.52,11.55,40.13,162.9,28.22,53.01,140.31,0.0,40.13,111.746,42.14,50.82,33.06,1.54,51.94,1.57,51.15,0.46,51150.0,35023.0
2012-08-01,17.55,5.64,3.11,1.52,11.55,40.13,162.9,28.22,53.01,140.31,0.0,40.13,111.746,42.14,50.82,33.06,1.54,51.94,1.57,51.15,0.46,51150.0,35023.0
2012-09-01,20.14,5.92,3.4,1.58,12.77,41.73,176.06,26.56,55.24,140.31,0.0,41.73,118.21,39.51,56.86,38.54,1.48,57.65,1.5,57.85,0.49,57854.0,35966.0
2012-10-01,20.14,5.92,3.4,1.58,12.77,41.73,176.06,26.56,55.24,140.31,0.0,41.73,118.21,39.51,56.86,38.54,1.48,57.65,1.5,57.85,0.49,57854.0,35966.0
2012-11-01,20.14,5.92,3.4,1.58,12.77,41.73,176.06,26.56,55.24,140.31,0.0,41.73,118.21,39.51,56.86,38.54,1.48,57.65,1.5,57.85,0.49,57854.0,35966.0
2012-12-01,16.14,6.22,2.6,1.58,10.25,41.75,196.09,24.34,55.11,140.31,0.0,41.75,127.346,36.32,70.89,46.88,1.51,72.35,1.54,68.74,0.54,68742.0,54512.0
2013-01-01,16.14,6.22,2.6,1.58,10.25,41.75,196.09,24.34,55.11,140.31,0.0,41.75,127.346,36.32,70.89,46.88,1.51,72.35,1.54,68.74,0.54,68742.0,54512.0
2013-02-01,16.14,6.22,2.6,1.58,10.25,41.75,196.09,24.34,55.11,140.31,0.0,41.75,127.346,36.32,70.89,46.88,1.51,72.35,1.54,68.74,0.54,68742.0,54512.0
2013-03-01,13.5,6.38,2.12,1.5,9.02,39.67,194.74,21.74,52.29,140.31,0.0,39.67,135.49,32.2,62.09,35.51,1.75,63.34,1.78,59.25,0.44,59253.0,43603.0
2013-04-01,13.5,6.38,2.12,1.5,9.02,39.67,194.74,21.74,52.29,140.31,0.0,39.67,135.49,32.2,62.09,35.51,1.75,63.34,1.78,59.25,0.44,59253.0,43603.0
2013-05-01,13.5,6.38,2.12,1.5,9.02,39.67,194.74,21.74,52.29,140.31,0.0,39.67,135.49,32.2,62.09,35.51,1.75,63.34,1.78,59.25,0.44,59253.0,43603.0
2013-06-01,12.17,6.43,1.89,1.43,8.51,37.75,199.86,19.69,49.91,140.31,142.29,37.75,123.354,29.93,66.52,36.32,1.83,68.22,1.88,76.5,0.62,76502.0,35323.0
2013-07-01,12.17,6.43,1.89,1.43,8.51,37.75,199.86,19.69,49.91,140.31,142.29,37.75,123.354,29.93,66.52,36.32,1.83,68.22,1.88,76.5,0.62,76502.0,35323.0
2013-08-01,12.17,6.43,1.89,1.43,8.51,37.75,199.86,19.69,49.91,140.31,142.29,37.75,123.354,29.93,66.52,36.32,1.83,68.22,1.88,76.5,0.62,76502.0,35323.0
2013-09-01,14.73,6.5,2.27,1.42,10.41,37.04,207.0,18.57,49.0,140.51,69.79,37.04,123.549,29.06,71.52,43.66,1.64,73.29,1.68,83.45,0.68,83451.0,37472.0
2013-10-01,14.73,6.5,2.27,1.42,10.41,37.04,207.0,18.57,49.0,140.51,69.79,37.04,123.549,29.06,71.52,43.66,1.64,73.29,1.68,83.45,0.68,83451.0,37472.0
2013-11-01,14.73,6.5,2.27,1.42,10.41,37.04,207.0,18.57,49.0,140.51,69.79,37.04,123.549,29.06,71.52,43.66,1.64,73.29,1.68,83.45,0.68,83451.0,37472.0
2013-12-01,17.44,6.73,2.59,1.44,12.11,37.03,225.18,17.92,49.25,146.65,46.09,37.03,129.684,28.93,78.23,53.77,1.46,80.35,1.49,95.5,0.74,95500.0,57594.0
2014-01-01,17.44,6.73,2.59,1.44,12.11,37.03,225.18,17.92,49.25,146.65,46.09,37.03,129.684,28.93,78.23,53.77,1.46,80.35,1.49,95.5,0.74,95500.0,57594.0
2014-02-01,17.44,6.73,2.59,1.44,12.11,37.03,225.18,17.92,49.25,146.65,46.09,37.03,129.684,28.93,78.23,53.77,1.46,80.35,1.49,95.5,0.74,95500.0,57594.0
2014-03-01,16.78,6.94,2.42,1.49,11.23,37.71,205.99,18.0,50.29,137.14,35.63,37.71,120.179,30.36,68.71,43.21,1.59,70.54,1.63,85.81,0.71,85810.0,45646.0
2014-04-01,16.78,6.94,2.42,1.49,11.23,37.71,205.99,18.0,50.29,137.14,35.63,37.71,120.179,30.36,68.71,43.21,1.59,70.54,1.63,85.81,0.71,85810.0,45646.0
2014-05-01,16.78,6.94,2.42,1.49,11.23,37.71,205.99,18.0,50.29,137.14,35.63,37.71,120.179,30.36,68.71,43.21,1.59,70.54,1.63,85.81,0.71,85810.0,45646.0
2014-06-01,20.45,7.12,2.87,1.55,13.21,38.56,222.52,17.92,51.37,149.97,35.78,38.56,120.94,31.2,66.36,46.21,1.44,67.95,1.47,101.58,0.84,101580.0,37432.0
2014-07-01,20.45,7.12,2.87,1.55,13.21,38.56,222.52,17.92,51.37,149.97,35.78,38.56,120.94,31.2,66.36,46.21,1.44,67.95,1.47,101.58,0.84,101580.0,37432.0
2014-08-01,20.45,7.12,2.87,1.55,13.21,38.56,222.52,17.92,51.37,149.97,35.78,38.56,120.94,31.2,66.36,46.21,1.44,67.95,1.47,101.58,0.84,101580.0,37432.0
2014-09-01,22.29,7.4,3.01,1.61,13.86,39.51,231.84,17.85,52.5,140.53,36.57,39.51,111.547,32.76,66.42,63.45,1.05,68.53,1.08,120.29,1.08,120292.0,42123.0
2014-10-01,22.29,7.4,3.01,1.61,13.86,39.51,231.84,17.85,52.5,140.53,36.57,39.51,111.547,32.76,66.42,63.45,1.05,68.53,1.08,120.29,1.08,120292.0,42123.0
2014-11-01,22.29,7.4,3.01,1.61,13.86,39.51,231.84,17.85,52.5,140.53,36.57,39.51,111.547,32.76,66.42,63.45,1.05,68.53,1.08,120.29,1.08,120292.0,42123.0
2014-12-01,24.52,8.29,2.96,1.86,13.22,44.46,261.89,19.28,59.29,155.83,40.64,44.46,123.328,37.36,81.12,73.61,1.1,83.4,1.13,138.57,1.12,138566.0,74599.0
2015-01-01,24.52,8.29,2.96,1.86,13.22,44.46,261.89,19.28,59.29,155.83,40.64,44.46,123.328,37.36,81.12,73.61,1.1,83.4,1.13,138.57,1.12,138566.0,74599.0
2015-02-01,24.52,8.29,2.96,1.86,13.22,44.46,261.89,19.28,59.29,155.83,40.64,44.46,123.328,37.36,81.12,73.61,1.1,83.4,1.13,138.57,1.12,138566.0,74599.0
2015-03-01,27.75,8.92,3.11,2.02,13.72,47.81,261.19,19.56,63.97,169.08,41.58,47.81,129.006,39.44,65.5,58.73,1.12,67.89,1.16,132.19,1.03,132188.0,58010.0
2015-04-01,27.75,8.92,3.11,2.02,13.72,47.81,261.19,19.56,63.97,169.08,41.58,47.81,129.006,39.44,65.5,58.73,1.12,67.89,1.16,132.19,1.03,132188.0,58010.0
2015-05-01,27.75,8.92,3.11,2.02,13.72,47.81,261.19,19.56,63.97,169.08,41.58,47.81,129.006,39.44,65.5,58.73,1.12,67.89,1.16,132.19,1.03,132188.0,58010.0
2015-06-01,28.09,9.52,2.95,2.17,12.98,50.74,273.15,19.74,67.77,173.1,42.45,50.74,125.677,41.46,68.91,65.29,1.06,70.95,1.09,147.47,1.17,147474.0,49605.0
2015-07-01,28.09,9.52,2.95,2.17,12.98,50.74,273.15,19.74,67.77,173.1,42.45,50.74,125.677,41.46,68.91,65.29,1.06,70.95,1.09,147.47,1.17,147474.0,49605.0
2015-08-01,28.09,9.52,2.95,2.17,12.98,50.74,273.15,19.74,67.77,173.1,42.45,50.74,125.677,41.46,68.91,65.29,1.06,70.95,1.09,147.47,1.17,147474.0,49605.0
2015-09-01,24.82,10.03,2.47,2.3,10.79,53.39,290.35,19.66,71.23,172.68,42.48,53.39,119.355,42.94,87.03,80.61,1.08,89.38,1.11,170.99,1.43,170990.0,51501.0
2015-10-01,24.82,10.03,2.47,2.3,10.79,53.39,290.35,19.66,71.23,172.68,42.48,53.39,119.355,42.94,87.03,80.61,1.08,89.38,1.11,170.99,1.43,170990.0,51501.0
2015-11-01,24.82,10.03,2.47,2.3,10.79,53.39,290.35,19.66,71.23,172.68,42.48,53.39,119.355,42.94,87.03,80.61,1.08,89.38,1.11,170.99,1.43,170990.0,51501.0
2015-12-01,23.78,10.25,2.32,2.36,10.1,53.73,293.28,19.22,71.16,181.47,40.87,53.73,128.267,42.79,73.77,76.09,0.97,76.22,1.0,165.02,1.29,165017.0,75872.0
2016-01-01,23.78,10.25,2.32,2.36,10.1,53.73,293.28,19.22,71.16,181.47,40.87,53.73,128.267,42.79,73.77,76.09,0.97,76.22,1.0,165.02,1.29,165017.0,75872.0
2016-02-01,23.78,10.25,2.32,2.36,10.1,53.73,293.28,19.22,71.16,181.47,40.87,53.73,128.267,42.79,73.77,76.09,0.97,76.22,1.0,165.02,1.29,165017.0,75872.0
2016-03-01,24.76,10.04,2.47,2.25,11.02,50.68,305.28,17.44,66.86,199.83,36.78,50.68,130.46,40.24,85.31,68.27,1.25,87.59,1.28,174.82,1.34,174820.0,50557.0
2016-04-01,24.76,10.04,2.47,2.25,11.02,50.68,305.28,17.44,66.86,199.83,36.78,50.68,130.46,40.24,85.31,68.27,1.25,87.59,1.28,174.82,1.34,174820.0,50557.0
2016-05-01,24.76,10.04,2.47,2.25,11.02,50.68,305.28,17.44,66.86,199.83,36.78,50.68,130.46,40.24,85.31,68.27,1.25,87.59,1.28,174.82,1.34,174820.0,50557.0
2016-06-01,21.85,9.83,2.22,2.14,10.21,47.8,305.6,16.01,62.89,195.48,33.56,47.8,126.54,37.89,91.93,71.49,1.29,93.76,1.31,179.06,1.42,179061.0,42358.0
2016-07-01,21.85,9.83,2.22,2.14,10.21,47.8,305.6,16.01,62.89,195.48,33.56,47.8,126.54,37.89,91.93,71.49,1.29,93.76,1.31,179.06,1.42,179061.0,42358.0
2016-08-01,21.85,9.83,2.22,2.14,10.21,47.8,305.6,16.01,62.89,195.48,33.56,47.8,126.54,37.89,91.93,71.49,1.29,93.76,1.31,179.06,1.42,179061.0,42358.0
2016-09-01,25.98,9.74,2.67,2.07,12.56,45.69,321.69,14.91,60.02,203.68,30.76,45.69,128.25,35.59,104.74,79.01,1.33,106.87,1.35,193.44,1.51,193437.0,46852.0
2016-10-01,25.98,9.74,2.67,2.07,12.56,45.69,321.69,14.91,60.02,203.68,30.76,45.69,128.25,35.59,104.74,79.01,1.33,106.87,1.35,193.44,1.51,193437.0,46852.0
2016-11-01,25.98,9.74,2.67,2.07,12.56,45.69,321.69,14.91,60.02,203.68,30.76,45.69,128.25,35.59,104.74,79.01,1.33,106.87,1.35,193.44,1.51,193437.0,46852.0
2016-12-01,26.75,10.02,2.67,2.09,12.81,45.22,331.14,14.31,59.21,205.95,29.42,45.22,132.39,34.94,100.62,84.13,1.2,103.33,1.23,198.75,1.5,198751.0,78351.0
2017-01-01,26.75,10.02,2.67,2.09,12.81,45.22,331.14,14.31,59.21,205.95,29.42,45.22,132.39,34.94,100.62,84.13,1.2,103.33,1.23,198.75,1.5,198751.0,78351.0
2017-02-01,26.75,10.02,2.67,2.09,12.81,45.22,331.14,14.31,59.21,205.95,29.42,45.22,132.39,34.94,100.62,84.13,1.2,103.33,1.23,198.75,1.5,198751.0,78351.0
2017-03-01,33.33,10.25,3.25,2.14,15.59,45.73,334.53,14.15,59.32,218.61,28.81,45.73,134.08,35.09,99.08,73.34,1.35,101.99,1.39,200.45,1.5,200450.0,52896.0
2017-04-01,33.33,10.25,3.25,2.14,15.59,45.73,334.53,14.15,59.32,218.61,28.81,45.73,134.08,35.09,99.08,73.34,1.35,101.99,1.39,200.45,1.5,200450.0,52896.0
2017-05-01,33.33,10.25,3.25,2.14,15.59,45.73,334.53,14.15,59.32,218.61,28.81,45.73,134.08,35.09,99.08,73.34,1.35,101.99,1.39,200.45,1.5,200450.0,52896.0
2017-06-01,33.55,10.49,3.2,2.2,15.25,46.65,345.17,14.0,59.99,222.29,28.21,46.65,132.43,35.4,109.73,81.3,1.35,112.88,1.39,212.75,1.61,212748.0,45408.0
2017-07-01,33.55,10.49,3.2,2.2,15.25,46.65,345.17,14.0,59.99,222.29,28.21,46.65,132.43,35.4,109.73,81.3,1.35,112.88,1.39,212.75,1.61,212748.0,45408.0
2017-08-01,33.55,10.49,3.2,2.2,15.25,46.65,345.17,14.0,59.99,222.29,28.21,46.65,132.43,35.4,109.73,81.3,1.35,112.88,1.39,212.75,1.61,212748.0,45408.0
2017-09-01,36.04,10.86,3.32,2.3,15.67,48.35,375.32,13.95,61.34,231.25,27.94,48.35,134.05,36.29,123.79,100.81,1.23,128.65,1.28,241.27,1.8,241272.0,52579.0
2017-10-01,36.04,10.86,3.32,2.3,15.67,48.35,375.32,13.95,61.34,231.25,27.94,48.35,134.05,36.29,123.79,100.81,1.23,128.65,1.28,241.27,1.8,241272.0,52579.0
2017-11-01,36.04,10.86,3.32,2.3,15.67,48.35,375.32,13.95,61.34,231.25,27.94,48.35,134.05,36.29,123.79,100.81,1.23,128.65,1.28,241.27,1.8,241272.0,52579.0
2017-12-01,39.72,11.46,3.46,2.43,16.33,50.53,406.79,13.83,64.26,244.12,28.05,50.53,140.2,37.37,139.39,115.79,1.2,143.81,1.24,266.6,1.9,266595.0,88293.0
2018-01-01,39.72,11.46,3.46,2.43,16.33,50.53,406.79,13.83,64.26,244.12,28.05,50.53,140.2,37.37,139.39,115.79,1.2,143.81,1.24,266.6,1.9,266595.0,88293.0
2018-02-01,39.72,11.46,3.46,2.43,16.33,50.53,406.79,13.83,64.26,244.12,28.05,50.53,140.2,37.37,139.39,115.79,1.2,143.81,1.24,266.6,1.9,266595.0,88293.0
2018-03-01,39.54,11.97,3.3,2.59,15.26,53.32,367.5,14.27,66.06,228.24,28.54,53.32,126.88,39.97,122.39,89.32,1.37,130.05,1.46,240.62,1.9,240624.0,61137.0
2018-04-01,39.54,11.97,3.3,2.59,15.26,53.32,367.5,14.27,66.06,228.24,28.54,53.32,126.88,39.97,122.39,89.32,1.37,130.05,1.46,240.62,1.9,240624.0,61137.0
2018-05-01,39.54,11.97,3.3,2.59,15.26,53.32,367.5,14.27,66.06,228.24,28.54,53.32,126.88,39.97,122.39,89.32,1.37,130.05,1.46,240.62,1.9,240624.0,61137.0
2018-06-01,43.79,12.5,3.5,2.76,15.88,56.12,349.2,14.98,67.9,212.08,29.66,56.12,114.95,43.5,109.83,88.55,1.24,115.76,1.31,234.25,2.04,234248.0,53265.0
2018-07-01,43.79,12.5,3.5,2.76,15.88,56.12,349.2,14.98,67.9,212.08,29.66,56.12,114.95,43.5,109.83,88.55,1.24,115.76,1.31,234.25,2.04,234248.0,53265.0
2018-08-01,43.79,12.5,3.5,2.76,15.88,56.12,349.2,14.98,67.9,212.08,29.66,56.12,114.95,43.5,109.83,88.55,1.24,115.76,1.31,234.25,2.04,234248.0,53265.0
2018-09-01,53.59,13.14,4.08,2.97,18.06,59.53,365.73,15.99,70.9,200.88,32.03,59.53,107.15,48.68,127.38,115.93,1.1,131.34,1.13,258.58,2.41,258578.0,62900.0
2018-10-01,53.59,13.14,4.08,2.97,18.06,59.53,365.73,15.99,70.9,200.88,32.03,59.53,107.15,48.68,127.38,115.93,1.1,131.34,1.13,258.58,2.41,258578.0,62900.0
2018-11-01,53.59,13.14,4.08,2.97,18.06,59.53,365.73,15.99,70.9,200.88,32.03,59.53,107.15,48.68,127.38,115.93,1.1,131.34,1.13,258.58,2.41,258578.0,62900.0
2018-12-01,37.58,13.28,2.83,3.04,12.36,59.43,373.72,16.33,67.97,210.88,31.91,59.43,117.89,50.92,135.84,108.28,1.25,140.83,1.3,255.83,2.17,255827.0,84310.0
2019-01-01,37.58,13.28,2.83,3.04,12.36,59.43,373.72,16.33,67.97,210.88,31.91,59.43,117.89,50.92,135.84,108.28,1.25,140.83,1.3,255.83,2.17,255827.0,84310.0
2019-02-01,37.58,13.28,2.83,3.04,12.36,59.43,373.72,16.33,67.97,210.88,31.91,59.43,117.89,50.92,135.84,108.28,1.25,140.83,1.3,255.83,2.17,255827.0,84310.0
2019-03-01,45.44,13.35,3.4,2.97,15.29,57.17,342.0,15.98,65.49,196.06,31.95,57.17,105.86,51.29,118.46,93.77,1.26,123.35,1.32,236.14,2.23,236138.0,58015.0
2019-04-01,45.44,13.35,3.4,2.97,15.29,57.17,342.0,15.98,65.49,196.06,31.95,57.17,105.86,51.29,118.46,93.77,1.26,123.35,1.32,236.14,2.23,236138.0,58015.0
2019-05-01,45.44,13.35,3.4,2.97,15.29,57.17,342.0,15.98,65.49,196.06,31.95,57.17,105.86,51.29,118.46,93.77,1.26,123.35,1.32,236.14,2.23,236138.0,58015.0
2019-06-01,47.53,13.57,3.5,2.93,16.21,55.7,322.24,15.87,64.42,181.39,32.65,55.7,96.46,52.13,131.62,89.7,1.47,134.97,1.51,225.78,2.34,225783.0,53809.0
2019-07-01,47.53,13.57,3.5,2.93,16.21,55.7,322.24,15.87,64.42,181.39,32.65,55.7,96.46,52.13,131.62,89.7,1.47,134.97,1.51,225.78,2.34,225783.0,53809.0
2019-08-01,47.53,13.57,3.5,2.93,16.21,55.7,322.24,15.87,64.42,181.39,32.65,55.7,96.46,52.13,131.62,89.7,1.47,134.97,1.51,225.78,2.34,225783.0,53809.0
2019-09-01,53.99,13.87,3.89,2.96,18.22,55.26,338.52,16.06,63.93,182.3,33.18,55.26,90.49,53.82,158.71,105.72,1.5,162.82,1.54,248.03,2.74,248028.0,64040.0
2019-10-01,53.99,13.87,3.89,2.96,18.22,55.26,338.52,16.06,63.93,182.3,33.18,55.26,90.49,53.82,158.71,105.72,1.5,162.82,1.54,248.03,2.74,248028.0,64040.0
2019-11-01,53.99,13.87,3.89,2.96,18.22,55.26,338.52,16.06,63.93,182.3,33.18,55.26,90.49,53.82,158.71,105.72,1.5,162.82,1.54,248.03,2.74,248028.0,64040.0
2019-12-01,71.0,14.61,4.86,3.17,22.43,57.53,340.62,17.13,66.15,182.61,35.64,57.53,89.53,60.18,159.13,102.16,1.56,163.23,1.6,251.09,2.8,251087.0,91819.0
2020-01-01,71.0,14.61,4.86,3.17,22.43,57.53,340.62,17.13,66.15,182.61,35.64,57.53,89.53,60.18,159.13,102.16,1.56,163.23,1.6,251.09,2.8,251087.0,91819.0
2020-02-01,71.0,14.61,4.86,3.17,22.43,57.53,340.62,17.13,66.15,182.61,35.64,57.53,89.53,60.18,159.13,102.16,1.56,163.23,1.6,251.09,2.8,251087.0,91819.0
2020-03-01,61.63,14.83,4.16,3.19,19.33,57.22,320.4,17.31,65.59,167.51,36.76,57.22,78.43,64.49,140.42,96.09,1.46,143.75,1.5,241.98,3.09,241975.0,58313.0
2020-04-01,61.63,14.83,4.16,3.19,19.33,57.22,320.4,17.31,65.59,167.51,36.76,57.22,78.43,64.49,140.42,96.09,1.46,143.75,1.5,241.98,3.09,241975.0,58313.0
2020-05-01,61.63,14.83,4.16,3.19,19.33,57.22,320.4,17.31,65.59,167.51,36.76,57.22,78.43,64.49,140.42,96.09,1.46,143.75,1.5,241.98,3.09,241975.0,58313.0
2020-06-01,88.65,15.33,5.78,3.29,26.97,58.42,317.34,17.75,67.14,166.33,38.43,58.42,72.28,70.66,136.09,95.32,1.43,140.07,1.47,245.06,3.39,245062.0,59685.0
2020-07-01,88.65,15.33,5.78,3.29,26.97,58.42,317.34,17.75,67.14,166.33,38.43,58.42,72.28,70.66,136.09,95.32,1.43,140.07,1.47,245.06,3.39,245062.0,59685.0
2020-08-01,88.65,15.33,5.78,3.29,26.97,58.42,317.34,17.75,67.14,166.33,38.43,58.42,72.28,70.66,136.09,95.32,1.43,140.07,1.47,245.06,3.39,245062.0,59685.0
2020-09-01,112.78,15.58,7.24,3.26,34.59,57.41,323.89,17.63,66.29,164.01,38.97,57.41,65.34,75.15,139.65,105.39,1.33,143.71,1.36,258.55,3.96,258549.0,64698.0
2020-10-01,112.78,15.58,7.24,3.26,34.59,57.41,323.89,17.63,66.29,164.01,38.97,57.41,65.34,75.15,139.65,105.39,1.33,143.71,1.36,258.55,3.96,258549.0,64698.0
2020-11-01,112.78,15.58,7.24,3.26,34.59,57.41,323.89,17.63,66.29,164.01,38.97,57.41,65.34,75.15,139.65,105.39,1.33,143.71,1.36,258.55,3.96,258549.0,64698.0
2020-12-01,129.44,16.94,7.64,3.69,35.05,63.93,354.05,19.44,74.25,165.51,44.77,63.93,66.22,90.59,149.13,132.51,1.13,154.11,1.16,287.83,4.35,287830.0,111439.0
2021-01-01,129.44,16.94,7.64,3.69,35.05,63.93,354.05,19.44,74.25,165.51,44.77,63.93,66.22,90.59,149.13,132.51,1.13,154.11,1.16,287.83,4.35,287830.0,111439.0
2021-02-01,129.44,16.94,7.64,3.69,35.05,63.93,354.05,19.44,74.25,165.51,44.77,63.93,66.22,90.59,149.13,132.51,1.13,154.11,1.16,287.83,4.35,287830.0,111439.0
2021-03-01,119.34,18.92,6.31,4.46,26.79,76.31,337.16,22.91,88.9,177.82,52.79,76.31,69.18,111.8,116.25,106.39,1.09,121.47,1.14,267.98,3.87,267980.0,89584.0
2021-04-01,119.34,18.92,6.31,4.46,26.79,76.31,337.16,22.91,88.9,177.82,52.79,76.31,69.18,111.8,116.25,106.39,1.09,121.47,1.14,267.98,3.87,267980.0,89584.0
2021-05-01,119.34,18.92,6.31,4.46,26.79,76.31,337.16,22.91,88.9,177.82,52.79,76.31,69.18,111.8,116.25,106.39,1.09,121.47,1.14,267.98,3.87,267980.0,89584.0
2021-06-01,134.03,20.35,6.59,5.11,26.23,86.8,329.84,25.82,99.94,170.03,59.02,86.8,64.28,131.01,109.25,107.75,1.01,114.42,1.06,265.56,4.13,265560.0,81434.0
2021-07-01,134.03,20.35,6.59,5.11,26.23,86.8,329.84,25.82,99.94,170.03,59.02,86.8,64.28,131.01,109.25,107.75,1.01,114.42,1.06,265.56,4.13,265560.0,81434.0
2021-08-01,134.03,20.35,6.59,5.11,26.23,86.8,329.84,25.82,99.94,170.03,59.02,86.8,64.28,131.01,109.25,107.75,1.01,114.42,1.06,265.56,4.13,265560.0,81434.0
2021-09-01,138.68,21.6,6.42,5.62,24.68,94.68,351.0,27.6,108.95,172.2,63.57,94.68,63.09,144.12,128.26,125.48,1.02,134.84,1.08,287.91,4.56,287912.0,83360.0
2021-10-01,138.68,21.6,6.42,5.62,24.68,94.68,351.0,27.6,108.95,172.2,63.57,94.68,63.09,144.12,128.26,125.48,1.02,134.84,1.08,287.91,4.56,287912.0,83360.0
2021-11-01,138.68,21.6,6.42,5.62,24.68,94.68,351.0,27.6,108.95,172.2,63.57,94.68,63.09,144.12,128.26,125.48,1.02,134.84,1.08,287.91,4.56,287912.0,83360.0
2021-12-01,174.29,22.59,7.72,6.04,28.86,100.56,381.19,28.75,116.9,178.56,66.93,100.56,71.93,149.81,147.28,147.57,1.0,153.15,1.04,309.26,4.3,309259.0,123945.0
2022-01-01,174.29,22.59,7.72,6.04,28.86,100.56,381.19,28.75,116.9,178.56,66.93,100.56,71.93,149.81,147.28,147.57,1.0,153.15,1.04,309.26,4.3,309259.0,123945.0
2022-02-01,174.29,22.59,7.72,6.04,28.86,100.56,381.19,28.75,116.9,178.56,66.93,100.56,71.93,149.81,147.28,147.57,1.0,153.15,1.04,309.26,4.3,309259.0,123945.0
2022-03-01,171.6,23.23,7.39,6.16,27.86,101.94,350.66,28.86,119.38,170.72,69.05,101.94,67.4,152.88,112.72,127.51,0.88,118.18,0.93,283.26,4.2,283263.0,97278.0
2022-04-01,171.6,23.23,7.39,6.16,27.86,101.94,350.66,28.86,119.38,170.72,69.05,101.94,67.4,152.88,112.72,127.51,0.88,118.18,0.93,283.26,4.2,283263.0,97278.0
2022-05-01,171.6,23.23,7.39,6.16,27.86,101.94,350.66,28.86,119.38,170.72,69.05,101.94,67.4,152.88,112.72,127.51,0.88,118.18,0.93,283.26,4.2,283263.0,97278.0
2022-06-01,134.56,23.48,5.73,6.06,22.2,99.63,336.31,28.08,118.33,152.81,70.2,99.63,58.11,152.97,106.86,129.87,0.82,112.29,0.87,278.2,4.79,278202.0,82959.0
2022-07-01,134.56,23.48,5.73,6.06,22.2,99.63,336.31,28.08,118.33,152.81,70.2,99.63,58.11,152.97,106.86,129.87,0.82,112.29,0.87,278.2,4.79,278202.0,82959.0
2022-08-01,134.56,23.48,5.73,6.06,22.2,99.63,336.31,28.08,118.33,152.81,70.2,99.63,58.11,152.97,106.86,129.87,0.82,112.29,0.87,278.2,4.79,278202.0,82959.0
2022-09-01,136.21,24.06,5.66,6.11,22.29,99.8,352.76,28.1,119.44,149.63,73.31,99.8,50.67,160.9,130.46,153.98,0.85,135.41,0.88,302.08,5.96,302083.0,90146.0
2022-10-01,136.21,24.06,5.66,6.11,22.29,99.8,352.76,28.1,119.44,149.63,73.31,99.8,50.67,160.9,130.46,153.98,0.85,135.41,0.88,302.08,5.96,302083.0,90146.0
2022-11-01,136.21,24.06,5.66,6.11,22.29,99.8,352.76,28.1,119.44,149.63,73.31,99.8,50.67,160.9,130.46,153.98,0.85,135.41,0.88,302.08,5.96,302083.0,90146.0
2022-12-01,128.27,23.9,5.37,5.89,21.78,95.17,346.75,27.46,113.97,156.35,72.41,95.17,56.73,163.45,121.96,137.29,0.89,128.78,0.94,290.02,5.11,290020.0,117154.0
2023-01-01,128.27,23.9,5.37,5.89,21.78,95.17,346.75,27.46,113.97,156.35,72.41,95.17,56.73,163.45,121.96,137.29,0.89,128.78,0.94,290.02,5.11,290020.0,117154.0
2023-02-01,128.27,23.9,5.37,5.89,21.78,95.17,346.75,27.46,113.97,156.35,72.41,95.17,56.73,163.45,121.96,137.29,0.89,128.78,0.94,290.02,5.11,290020.0,117154.0
2023-03-01,163.04,23.95,6.81,5.89,27.68,94.32,332.16,27.58,112.3,159.2,72.69,94.32,62.16,165.72,105.43,120.08,0.88,112.91,0.94,270.0,4.34,270002.0,94836.0
2023-04-01,163.04,23.95,6.81,5.89,27.68,94.32,332.16,27.58,112.3,159.2,72.69,94.32,62.16,165.72,105.43,120.08,0.88,112.91,0.94,270.0,4.34,270002.0,94836.0
2023-05-01,163.04,23.95,6.81,5.89,27.68,94.32,332.16,27.58,112.3,159.2,72.69,94.32,62.16,165.72,105.43,120.08,0.88,112.91,0.94,270.0,4.34,270002.0,94836.0
2023-06-01,192.05,24.03,7.99,5.95,32.28,94.76,335.04,27.73,112.23,158.35,71.99,94.76,60.27,164.92,115.31,124.96,0.92,122.66,0.98,274.76,4.56,274764.0,81797.0
2023-07-01,192.05,24.03,7.99,5.95,32.28,94.76,335.04,27.73,112.23,158.35,71.99,94.76,60.27,164.92,115.31,124.96,0.92,122.66,0.98,274.76,4.56,274764.0,81797.0
2023-08-01,192.05,24.03,7.99,5.95,32.28,94.76,335.04,27.73,112.23,158.35,71.99,94.76,60.27,164.92,115.31,124.96,0.92,122.66,0.98,274.76,4.56,274764.0,81797.0
2023-09-01,169.74,24.17,7.02,6.12,27.74,97.0,352.58,28.39,114.3,157.43,72.42,97.0,62.15,160.78,137.24,145.31,0.94,143.57,0.99,290.44,4.67,290437.0,89498.0
2023-10-01,169.74,24.17,7.02,6.12,27.74,97.0,352.58,28.39,114.3,157.43,72.42,97.0,62.15,160.78,137.24,145.31,0.94,143.57,0.99,290.44,4.67,290437.0,89498.0
2023-11-01,169.74,24.17,7.02,6.12,27.74,97.0,352.58,28.39,114.3,157.43,72.42,97.0,62.15,160.78,137.24,145.31,0.94,143.57,0.99,290.44,4.67,290437.0,89498.0
2023-12-01,191.13,24.51,7.8,6.42,29.77,100.91,353.51,29.39,118.66,169.19,73.68,100.91,74.1,156.04,137.18,133.97,1.02,143.69,1.07,279.41,3.77,279414.0,119575.0
2024-01-01,191.13,24.51,7.8,6.42,29.77,100.91,353.51,29.39,118.66,169.19,73.68,100.91,74.1,156.04,137.18,133.97,1.02,143.69,1.07,279.41,3.77,279414.0,119575.0
2024-02-01,191.13,24.51,7.8,6.42,29.77,100.91,353.51,29.39,118.66,169.19,73.68,100.91,74.1,156.04,137.18,133.97,1.02,143.69,1.07,279.41,3.77,279414.0,119575.0
2024-03-01,170.45,24.39,6.99,6.43,26.51,100.39,337.41,29.13,118.24,166.03,72.65,100.39,74.19,148.33,122.18,123.82,0.99,128.42,1.04,263.22,3.55,263217.0,90753.0
2024-04-01,170.45,24.39,6.99,6.43,26.51,100.39,337.41,29.13,118.24,166.03,72.65,100.39,74.19,148.33,122.18,123.82,0.99,128.42,1.04,263.22,3.55,263217.0,90753.0
2024-05-01,170.45,24.39,6.99,6.43,26.51,100.39,337.41,29.13,118.24,166.03,72.65,100.39,74.19,148.33,122.18,123.82,0.99,128.42,1.04,263.22,3.55,263217.0,90753.0
2024-06-01,209.64,24.79,8.46,6.57,31.91,101.96,331.61,29.66,120.59,152.9,74.72,101.96,66.71,147.15,119.27,131.62,0.91,125.44,0.95,264.9,3.97,264904.0,85777.0
2024-07-01,209.64,24.79,8.46,6.57,31.91,101.96,331.61,29.66,120.59,152.9,74.72,101.96,66.71,147.15,119.27,131.62,0.91,125.44,0.95,264.9,3.97,264904.0,85777.0
2024-08-01,209.64,24.79,8.46,6.57,31.91,101.96,331.61,29.66,120.59,152.9,74.72,101.96,66.71,147.15,119.27,131.62,0.91,125.44,0.95,264.9,3.97,264904.0,85777.0
2024-09-01,232.18,25.29,9.18,6.08,38.19,93.74,364.98,27.02,123.22,142.7,78.13,93.74,56.95,137.87,145.7,176.39,0.83,152.99,0.87,308.03,5.41,308030.0,94930.0
2024-10-01,232.18,25.29,9.18,6.08,38.19,93.74,364.98,27.02,123.22,142.7,78.13,93.74,56.95,137.87,145.7,176.39,0.83,152.99,0.87,308.03,5.41,308030.0,94930.0
2024-11-01,232.18,25.29,9.18,6.08,38.19,93.74,364.98,27.02,123.22,142.7,78.13,93.74,56.95,137.87,145.7,176.39,0.83,152.99,0.87,308.03,5.41,308030.0,94930.0
2024-12-01,249.82,25.82,9.67,6.3,39.65,96.15,344.09,27.91,125.68,150.71,82.09,96.15,66.76,145.35,126.33,144.37,0.88,133.24,0.92,277.33,4.15,277327.0,124300.0
2025-01-01,249.82,25.82,9.67,6.3,39.65,96.15,344.09,27.91,125.68,150.71,82.09,96.15,66.76,145.35,126.33,144.37,0.88,133.24,0.92,277.33,4.15,277327.0,124300.0
2025-02-01,249.82,25.82,9.67,6.3,39.65,96.15,344.09,27.91,125.68,150.71,82.09,96.15,66.76,145.35,126.33,144.37,0.88,133.24,0.92,277.33,4.15,277327.0,124300.0
2025-03-01,221.84,26.29,8.44,6.42,34.55,97.29,331.23,28.37,127.36,145.36,86.1,97.29,66.8,151.31,112.41,144.57,0.78,118.67,0.82,264.44,3.96,264437.0,95359.0
2025-04-01,221.84,26.29,8.44,6.42,34.55,97.29,331.23,28.37,127.36,145.36,86.1,97.29,66.8,151.31,112.41,144.57,0.78,118.67,0.82,264.44,3.96,264437.0,95359.0
2025-05-01,221.84,26.29,8.44,6.42,34.55,97.29,331.23,28.37,127.36,145.36,86.1,97.29,66.8,151.31,112.41,144.57,0.78,118.67,0.82,264.44,3.96,264437.0,95359.0
